code,name,market
000020,동화약품,코스피
000040,KR모터스,코스피
000050,경방,코스피
000070,삼양홀딩스,코스피
000080,하이트진로,코스피
000100,유한양행,코스피
000120,CJ대한통운,코스피
000140,하이트진로홀딩스,코스피
000150,두산,코스피
000180,성창기업지주,코스피
000210,DL,코스피
000220,유유제약,코스피
000230,일동홀딩스,코스피
000240,한국앤컴퍼니,코스피
000270,기아,코스피
000300,DH오토넥스,코스피
000320,노루홀딩스,코스피
000370,한화손해보험,코스피
000390,삼화페인트,코스피
000400,롯데손해보험,코스피
000430,대원강업,코스피
000480,CR홀딩스,코스피
000490,대동,코스피
000500,가온전선,코스피
000520,삼일제약,코스피
000540,흥국화재,코스피
000590,CS홀딩스,코스피
000640,동아쏘시오홀딩스,코스피
000650,천일고속,코스피
000660,SK하이닉스,코스피
000670,영풍,코스피
000680,LS네트웍스,코스피
000700,유수홀딩스,코스피
000720,현대건설,코스피
000760,이화산업,코스피
000810,삼성화재,코스피
000850,화천기공,코스피
000860,강남제비스코,코스피
000880,한화,코스피
000890,보해양조,코스피
000910,유니온,코스피
000950,전방,코스피
000970,한국주철관,코스피
000990,DB하이텍,코스피
001020,페이퍼코리아,코스피
001040,CJ,코스피
001060,JW중외제약,코스피
001070,대한방직,코스피
001080,만호제강,코스피
001120,LX인터내셔널,코스피
001130,대한제분,코스피
001140,국보,코스피
001200,유진투자증권,코스피
001210,금호전기,코스피
001230,동국홀딩스,코스피
001250,GS글로벌,코스피
001260,남광토건,코스피
001270,부국증권,코스피
001290,상상인증권,코스피
001340,PKC,코스피
001360,삼성제약,코스피
001380,SG글로벌,코스피
001390,KG케미칼,코스피
001420,태원물산,코스피
001430,세아베스틸지주,코스피
001440,대한전선,코스피
001450,현대해상,코스피
001460,BYC,코스피
001470,삼부토건,코스피
001500,현대차증권,코스피
001510,SK증권,코스피
001520,동양,코스피
001530,DI동일,코스피
001550,조비,코스피
001560,제일연마,코스피
001570,금양,코스피
001620,케이비아이동국실업,코스피
001630,종근당홀딩스,코스피
001680,대상,코스피
001720,신영증권,코스피
001740,SK네트웍스,코스피
001750,한양증권,코스피
001770,SHD,코스피
001780,알루코,코스피
001790,대한제당,코스피
001800,오리온홀딩스,코스피
001820,삼화콘덴서,코스피
001940,KISCO홀딩스,코스피
002020,코오롱,코스피
002030,아세아,코스피
002070,비비안,코스피
002100,경농,코스피
002140,고려산업,코스피
002150,도화엔지니어링,코스피
002170,삼양통상,코스피
002200,한국수출포장,코스피
002210,동성제약,코스피
002220,한일철강,코스피
002240,고려제강,코스피
002310,아세아제지,코스피
002320,한진,코스피
002350,넥센타이어,코스피
002360,SH에너지화학,코스피
002380,KCC,코스피
002390,한독,코스피
002410,범양건영,코스피
002420,세기상사,코스피
002450,삼익악기,코스피
002460,HS화성,코스피
002600,조흥,코스피
002620,제일파마홀딩스,코스피
002630,오리엔트바이오,코스피
002690,동일제강,코스피
002700,신일전자,코스피
002710,TCC스틸,코스피
002720,국제약품,코스피
002760,보락,코스피
002780,진흥기업,코스피
002790,아모레퍼시픽홀딩스,코스피
002810,삼영무역,코스피
002820,SUN&L,코스피
002840,미원상사,코스피
002870,신풍,코스피
002880,대유에이텍,코스피
002900,TYM,코스피
002920,유성기업,코스피
002960,한국쉘석유,코스피
002990,금호건설,코스피
003000,부광약품,코스피
003010,혜인,코스피
003030,세아제강지주,코스피
003060,에이프로젠바이오로직스,코스피
003070,코오롱글로벌,코스피
003080,SB성보,코스피
003090,대웅,코스피
003120,일성아이에스,코스피
003160,디아이,코스피
003200,일신방직,코스피
003220,대원제약,코스피
003230,삼양식품,코스피
003240,태광산업,코스피
003280,흥아해운,코스피
003300,한일홀딩스,코스피
003350,한국화장품제조,코스피
003460,유화증권,코스피
003470,유안타증권,코스피
003480,한진중공업홀딩스,코스피
003490,대한항공,코스피
003520,영진약품,코스피
003530,한화투자증권,코스피
003540,대신증권,코스피
003550,LG,코스피
003560,IHQ,코스피
003570,SNT다이내믹스,코스피
003580,HLB글로벌,코스피
003610,방림,코스피
003620,KG모빌리티,코스피
003650,미창석유,코스피
003670,포스코퓨처엠,코스피
003680,한성기업,코스피
003690,코리안리,코스피
003720,삼영,코스피
003780,진양산업,코스피
003830,대한화섬,코스피
003850,보령,코스피
003920,남양유업,코스피
003960,사조대림,코스피
004000,롯데정밀화학,코스피
004020,현대제철,코스피
004060,SG세계물산,코스피
004080,신흥,코스피
004090,한국석유,코스피
004100,태양금속,코스피
004140,동방,코스피
004150,한솔홀딩스,코스피
004170,신세계,코스피
004250,NPC,코스피
004270,남성,코스피
004310,현대약품,코스피
004360,세방,코스피
004370,농심,코스피
004380,삼익THK,코스피
004410,서울식품,코스피
004430,송원산업,코스피
004440,삼일씨엔에스,코스피
004450,삼화왕관,코스피
004490,세방전지,코스피
004540,깨끗한나라,코스피
004560,현대비앤지스틸,코스피
004690,삼천리,코스피
004700,조광피혁,코스피
004710,한솔테크닉스,코스피
004720,팜젠사이언스,코스피
004770,써니전자,코스피
004800,효성,코스피
004830,덕성,코스피
004840,DRB동일,코스피
004870,티웨이홀딩스,코스피
004890,동일산업,코스피
004910,조광페인트,코스피
004920,씨아이테크,코스피
004960,한신공영,코스피
004970,신라교역,코스피
004980,성신양회,코스피
004990,롯데지주,코스피
005010,휴스틸,코스피
005030,부산주공,코스피
005070,코스모신소재,코스피
005090,SGC에너지,코스피
005110,한창,코스피
005180,빙그레,코스피
005250,녹십자홀딩스,코스피
005300,롯데칠성,코스피
005320,온타이드,코스피
005360,모나미,코스피
005380,현대차,코스피
005390,신성통상,코스피
005420,코스모화학,코스피
005430,한국공항,코스피
005440,현대지에프홀딩스,코스피
005490,POSCO홀딩스,코스피
005500,삼진제약,코스피
005610,SPC삼립,코스피
005680,삼영전자,코스피
005690,파미셀,코스피
005720,넥센,코스피
005740,크라운해태홀딩스,코스피
005750,대림바스,코스피
005800,신영와코루,코스피
005810,풍산홀딩스,코스피
005820,원림,코스피
005830,DB손해보험,코스피
005850,에스엘,코스피
005870,휴니드,코스피
005880,대한해운,코스피
005930,삼성전자,코스피
005940,NH투자증권,코스피
005950,이수화학,코스피
005960,동부건설,코스피
006040,동원산업,코스피
006060,화승인더,코스피
006090,사조오양,코스피
006110,삼아알미늄,코스피
006120,SK디스커버리,코스피
006200,한국전자홀딩스,코스피
006220,제주은행,코스피
006260,LS,코스피
006280,녹십자,코스피
006340,대원전선,코스피
006360,GS건설,코스피
006370,대구백화점,코스피
006380,카프로,코스피
006390,한일현대시멘트,코스피
006400,삼성SDI,코스피
006490,인스코비,코스피
006570,대림통상,코스피
006650,대한유화,코스피
006660,삼성공조,코스피
006740,영풍제지,코스피
006800,미래에셋증권,코스피
006840,AK홀딩스,코스피
006880,신송홀딩스,코스피
006890,태경케미컬,코스피
006980,우성,코스피
007070,GS리테일,코스피
007110,일신석재,코스피
007120,미래아이앤지,코스피
007160,사조산업,코스피
007210,벽산,코스피
007280,한국특강,코스피
007310,오뚜기,코스피
007340,DN오토모티브,코스피
007460,에이프로젠,코스피
007540,샘표,코스피
007570,일양약품,코스피
007590,동방아그로,코스피
007610,선도전기,코스피
007660,이수페타시스,코스피
007690,국도화학,코스피
007700,F&F홀딩스,코스피
007810,코리아써키트,코스피
007860,서연,코스피
007980,TP,코스피
008040,사조동아원,코스피
008060,대덕,코스피
008110,대동전자,코스피
008250,이건산업,코스피
008260,NI스틸,코스피
008350,남선알미늄,코스피
008420,문배철강,코스피
008490,서흥,코스피
008500,일정실업,코스피
008600,윌비스,코스피
008700,아남전자,코스피
008730,율촌화학,코스피
008770,호텔신라,코스피
008870,금비,코스피
008930,한미사이언스,코스피
008970,동양철관,코스피
009070,KCTC,코스피
009140,경인전자,코스피
009150,삼성전기,코스피
009160,SIMPAC,코스피
009180,한솔로지스틱스,코스피
009190,대양금속,코스피
009200,무림페이퍼,코스피
009240,한샘,코스피
009270,신원,코스피
009290,광동제약,코스피
009310,참엔지니어링,코스피
009320,아진전자부품,코스피
009410,태영건설,코스피
009420,한올바이오파마,코스피
009440,KC그린홀딩스,코스피
009450,경동나비엔,코스피
009460,한창제지,코스피
009470,삼화전기,코스피
009540,HD한국조선해양,코스피
009580,무림P&P,코스피
009680,모토닉,코스피
009770,삼정펄프,코스피
009810,플레이그램,코스피
009830,한화솔루션,코스피
009900,명신산업,코스피
009970,영원무역홀딩스,코스피
010040,한국내화,코스피
010060,OCI홀딩스,코스피
010100,한국무브넥스,코스피
010120,LS ELECTRIC,코스피
010130,고려아연,코스피
010140,삼성중공업,코스피
010400,우진아이엔에스,코스피
010420,한솔PNS,코스피
010580,에스엠벡셀,코스피
010600,웰바이오텍,코스피
010620,HD현대미포,코스피
010640,진양폴리,코스피
010660,화천기계,코스피
010690,화신,코스피
010770,평화홀딩스,코스피
010780,아이에스동서,코스피
010820,퍼스텍,코스피
010950,S-Oil,코스피
010960,삼호개발,코스피
011000,진원생명과학,코스피
011070,LG이노텍,코스피
011090,에넥스,코스피
011150,CJ씨푸드,코스피
011170,롯데케미칼,코스피
011200,HMM,코스피
011210,현대위아,코스피
011230,삼화전자,코스피
011280,태림포장,코스피
011300,성안머티리얼스,코스피
011330,유니켐,코스피
011390,부산산업,코스피
011420,갤럭시아에스엠,코스피
011500,한농화성,코스피
011690,와이투솔루션,코스피
011700,한신기계,코스피
011760,현대코퍼레이션,코스피
011780,금호석유화학,코스피
011790,SKC,코스피
011810,STX,코스피
011930,신성이엔지,코스피
012030,DB,코스피
012160,영흥,코스피
012170,아센디오,코스피
012200,계양전기,코스피
012280,영화금속,코스피
012320,경동인베스트,코스피
012330,현대모비스,코스피
012450,한화에어로스페이스,코스피
012510,더존비즈온,코스피
012610,경인양행,코스피
012630,HDC,코스피
012690,모나리자,코스피
012750,에스원,코스피
012800,대창,코스피
013000,세우글로벌,코스피
013360,일성건설,코스피
013520,화승코퍼레이션,코스피
013570,디와이,코스피
013580,계룡건설,코스피
013700,까뮤이앤씨,코스피
013870,지엠비코리아,코스피
013890,지누스,코스피
014130,한익스프레스,코스피
014160,대영포장,코스피
014280,금강공업,코스피
014440,영보화학,코스피
014530,극동유화,코스피
014580,태경비케이,코스피
014680,한솔케미칼,코스피
014710,사조씨푸드,코스피
014790,HL D&I,코스피
014820,동원시스템즈,코스피
014830,유니드,코스피
014910,성문전자,코스피
014990,인디에프,코스피
015020,이스타코,코스피
015230,대창단조,코스피
015260,에이엔피,코스피
015360,INVENI,코스피
015590,DKME,코스피
015760,한국전력,코스피
015860,일진홀딩스,코스피
015890,태경산업,코스피
016090,대현,코스피
016360,삼성증권,코스피
016380,KG스틸,코스피
016450,한세예스24홀딩스,코스피
016580,환인제약,코스피
016590,신대양제지,코스피
016610,DB증권,코스피
016710,대성홀딩스,코스피
016740,두올,코스피
016800,퍼시스,코스피
016880,웅진,코스피
017040,광명전기,코스피
017180,명문제약,코스피
017370,우신시스템,코스피
017390,서울가스,코스피
017550,수산세보틱스,코스피
017670,SK텔레콤,코스피
017800,현대엘리베이터,코스피
017810,풀무원,코스피
017860,DS단석,코스피
017900,광전자,코스피
017940,E1,코스피
017960,한국카본,코스피
018250,애경산업,코스피
018260,삼성에스디에스,코스피
018470,조일알미늄,코스피
018500,동원금속,코스피
018670,SK가스,코스피
018880,한온시스템,코스피
019170,신풍제약,코스피
019180,티에이치엔,코스피
019440,세아특수강,코스피
019490,엑시큐어하이트론,코스피
019680,대교,코스피
020000,한섬,코스피
020120,키다리스튜디오,코스피
020150,롯데에너지머티리얼즈,코스피
020560,아시아나항공,코스피
020760,일진디스플,코스피
021050,서원,코스피
021240,코웨이,코스피
021820,세원정공,코스피
022100,포스코DX,코스피
023000,삼원강재,코스피
023150,MH에탄올,코스피
023350,한국종합기술,코스피
023450,동남합성,코스피
023530,롯데쇼핑,코스피
023590,다우기술,코스피
023800,인지컨트롤스,코스피
023810,인팩,코스피
023960,에쓰씨엔지니어링,코스피
024070,WISCOM,코스피
024090,디씨엠,코스피
024110,기업은행,코스피
024720,콜마홀딩스,코스피
024890,대원화성,코스피
024900,디와이덕양,코스피
025000,KPX케미칼,코스피
025530,SJM홀딩스,코스피
025540,한국단자,코스피
025560,미래산업,코스피
025620,제이준코스메틱,코스피
025750,한솔홈데코,코스피
025820,이구산업,코스피
025860,남해화학,코스피
025890,한국주강,코스피
026890,스틱인베스트먼트,코스피
026940,부국철강,코스피
026960,동서,코스피
027410,BGF,코스피
027740,마니커,코스피
027970,한국제지,코스피
028050,삼성E&A,코스피
028100,동아지질,코스피
028260,삼성물산,코스피
028670,팬오션,코스피
029460,케이씨,코스피
029530,신도리코,코스피
029780,삼성카드,코스피
030000,제일기획,코스피
030190,NICE평가정보,코스피
030200,KT,코스피
030210,다올투자증권,코스피
030610,교보증권,코스피
030720,동원수산,코스피
031210,서울보증보험,코스피
031430,신세계인터내셔날,코스피
031440,신세계푸드,코스피
031820,아이티센씨티에스,코스피
032350,롯데관광개발,코스피
032560,황금에스티,코스피
032640,LG유플러스,코스피
032830,삼성생명,코스피
033180,KH 필룩스,코스피
033240,자화전자,코스피
033250,체시스,코스피
033270,유나이티드제약,코스피
033530,SJG세종,코스피
033780,KT&G,코스피
033920,무학,코스피
034020,두산에너빌리티,코스피
034120,SBS,코스피
034220,LG디스플레이,코스피
034230,파라다이스,코스피
034310,NICE,코스피
034590,인천도시가스,코스피
034730,SK,코스피
034830,한국토지신탁,코스피
035000,HS애드,코스피
035150,백산,코스피
035250,강원랜드,코스피
035420,NAVER,코스피
035510,신세계 I&C,코스피
035720,카카오,코스피
036420,콘텐트리중앙,코스피
036460,한국가스공사,코스피
036530,SNT홀딩스,코스피
036570,엔씨소프트,코스피
036580,팜스코,코스피
037270,YG PLUS,코스피
037560,LG헬로비전,코스피
037710,광주신세계,코스피
039130,하나투어,코스피
039490,키움증권,코스피
039570,HDC랩스,코스피
041650,상신브레이크,코스피
042660,한화오션,코스피
042670,HD현대인프라코어,코스피
042700,한미반도체,코스피
044380,주연테크,코스피
044450,KSS해운,코스피
044820,코스맥스비티아이,코스피
047040,대우건설,코스피
047050,포스코인터내셔널,코스피
047400,유니온머티리얼,코스피
047810,한국항공우주,코스피
049770,동원F&B,코스피
049800,우진플라임,코스피
051600,한전KPS,코스피
051630,진양화학,코스피
051900,LG생활건강,코스피
051910,LG화학,코스피
052690,한전기술,코스피
053210,스카이라이프,코스피
053690,한미글로벌,코스피
055490,테이팩스,코스피
055550,신한지주,코스피
057050,현대홈쇼핑,코스피
058430,포스코스틸리온,코스피
058650,세아홀딩스,코스피
058730,다스코,코스피
058850,KTcs,코스피
058860,KTis,코스피
060980,HL홀딩스,코스피
062040,산일전기,코스피
063160,종근당바이오,코스피
064350,현대로템,코스피
064400,LG씨엔에스,코스피
064960,SNT모티브,코스피
066570,LG전자,코스피
066970,엘앤에프,코스피
067830,세이브존I&C,코스피
068270,셀트리온,코스피
068290,삼성출판사,코스피
069260,TKG휴켐스,코스피
069460,대호에이엘,코스피
069620,대웅제약,코스피
069640,한세엠케이,코스피
069730,DSR제강,코스피
069960,현대백화점,코스피
070960,모나용평,코스피
071050,한국금융지주,코스피
071090,하이스틸,코스피
071320,지역난방공사,코스피
071840,롯데하이마트,코스피
071950,코아스,코스피
071970,HD현대마린엔진,코스피
072130,유엔젤,코스피
072710,농심홀딩스,코스피
073240,금호타이어,코스피
074610,이엔플러스,코스피
075180,새론오토모티브,코스피
075580,세진중공업,코스피
077500,유니퀘스트,코스피
077970,STX엔진,코스피
078000,텔코웨어,코스피
078520,에이블씨엔씨,코스피
078930,GS,코스피
079160,CJ CGV,코스피
079430,현대리바트,코스피
079550,LIG넥스원,코스피
079900,전진건설로봇,코스피
079980,휴비스,코스피
081000,일진다이아,코스피
081660,미스토홀딩스,코스피
082640,동양생명,코스피
082740,한화엔진,코스피
083420,그린케미칼,코스피
084010,대한제강,코스피
084670,동양고속,코스피
084680,이월드,코스피
084690,대상홀딩스,코스피
084870,TBH글로벌,코스피
085310,엔케이,코스피
085620,미래에셋생명,코스피
086280,현대글로비스,코스피
086790,하나금융지주,코스피
088260,이리츠코크렙,코스피
088350,한화생명,코스피
088790,진도,코스피
088980,맥쿼리인프라,코스피
089470,HDC현대EP,코스피
089590,제주항공,코스피
089860,롯데렌탈,코스피
090080,평화산업,코스피
090350,노루페인트,코스피
090370,메타랩스,코스피
090430,아모레퍼시픽,코스피
090460,비에이치,코스피
091090,세원이앤씨,코스피
091810,티웨이항공,코스피
092200,디아이씨,코스피
092220,KEC,코스피
092230,KPX홀딩스,코스피
092440,기신정기,코스피
092780,DYP,코스피
092790,넥스틸,코스피
093050,LF,코스피
093230,이아이디,코스피
093240,형지엘리트,코스피
093370,후성,코스피
094280,효성ITX,코스피
094800,맵스리얼티1,코스피
095570,AJ네트웍스,코스피
095720,웅진씽크빅,코스피
096760,JW홀딩스,코스피
096770,SK이노베이션,코스피
097230,HJ중공업,코스피
097520,엠씨넥스,코스피
097950,CJ제일제당,코스피
100090,SK오션플랜트,코스피
100220,비상교육,코스피
100250,진양홀딩스,코스피
100840,SNT에너지,코스피
101140,인바이오젠,코스피
101530,해태제과식품,코스피
102260,동성케미컬,코스피
102280,쌍방울,코스피
102460,이연제약,코스피
103140,풍산,코스피
103590,일진전기,코스피
104700,한국철강,코스피
105560,KB금융,코스피
105630,한세실업,코스피
105840,우진,코스피
107590,미원홀딩스,코스피
108320,LX세미콘,코스피
108590,TREX 200,코스피
108670,LX하우시스,코스피
109070,주성코퍼레이션,코스피
111110,호전실업,코스피
111380,동인기연,코스피
111770,영원무역,코스피
112610,씨에스윈드,코스피
114090,GKL,코스피
117580,대성에너지,코스피
118000,메타케어,코스피
119650,KC코트렐,코스피
120030,조선선재,코스피
120110,코오롱인더,코스피
122900,아이마켓코리아,코스피
123690,한국화장품,코스피
123700,SJM,코스피
123890,한국자산신탁,코스피
126560,현대퓨처넷,코스피
126720,수산인더스트리,코스피
128820,대성산업,코스피
128940,한미약품,코스피
129260,인터지스,코스피
130660,한전산업,코스피
133820,화인베스틸,코스피
134380,미원화학,코스피
134790,시디즈,코스피
136490,선진,코스피
137310,에스디바이오센서,코스피
138040,메리츠금융지주,코스피
138490,코오롱ENP,코스피
138930,BNK금융지주,코스피
139130,iM금융지주,코스피
139480,이마트,코스피
139990,아주스틸,코스피
140910,에이리츠,코스피
143210,핸즈코퍼레이션,코스피
145210,다이나믹디자인,코스피
145270,케이탑리츠,코스피
145720,덴티움,코스피
145850,TREX 펀더멘탈 200,코스피
145990,삼양사,코스피
152100,PLUS 200,코스피
152550,한국ANKOR유전,코스피
152870,파워 200,코스피
155660,DSR,코스피
161000,애경케미칼,코스피
161390,한국타이어앤테크놀로지,코스피
161510,PLUS 고배당주,코스피
161890,한국콜마,코스피
163560,동일고무벨트,코스피
170900,동아에스티,코스피
175330,JB금융지주,코스피
178920,PI첨단소재,코스피
180640,한진칼,코스피
181710,NHN,코스피
183190,아세아시멘트,코스피
185750,종근당,코스피
192080,더블유게임즈,코스피
192400,쿠쿠홀딩스,코스피
192650,드림텍,코스피
192720,파워 고배당저변동성,코스피
192820,코스맥스,코스피
194370,제이에스코퍼레이션,코스피
195870,해성디에스,코스피
200880,서연이화,코스피
204210,스타에스엠리츠,코스피
204320,HL만도,코스피
207940,삼성바이오로직스,코스피
210540,디와이파워,코스피
210980,SK디앤디,코스피
213500,한솔제지,코스피
213630,PLUS 미국다우존스고배당주(합성 H),코스피
214320,이노션,코스피
214330,금호에이치티,코스피
214390,경보제약,코스피
214420,토니모리,코스피
215620,HK S&P코리아로우볼,코스피
220130,SOL 차이나강소기업CSI500(합성 H),코스피
226320,잇츠한불,코스피
227840,현대코퍼레이션홀딩스,코스피
229640,LS에코에너지,코스피
234080,JW생명과학,코스피
238670,PLUS 스마트베타Quality채권혼합,코스피
239660,PLUS 우량회사채50,코스피
241560,두산밥캣,코스피
241590,화승엔터프라이즈,코스피
244920,에이플러스에셋,코스피
248070,솔루엠,코스피
248170,샘표식품,코스피
249420,일동제약,코스피
251270,넷마블,코스피
251590,PLUS 고배당저변동50,코스피
251600,PLUS 고배당주채권혼합,코스피
256450,PLUS 심천차이넥스트(합성),코스피
259960,크래프톤,코스피
264900,크라운제과,코스피
266550,PLUS 중형주저변동50,코스피
267250,HD현대,코스피
267260,HD현대일렉트릭,코스피
267270,HD현대건설기계,코스피
267290,경동도시가스,코스피
267850,아시아나IDT,코스피
268280,미원에스씨,코스피
269530,PLUS S&P글로벌인프라,코스피
269540,PLUS 미국S&P500(H),코스피
271560,오리온,코스피
271940,일진하이솔루스,코스피
271980,제일약품,코스피
272210,한화시스템,코스피
272450,진에어,코스피
272550,삼양패키징,코스피
278470,에이피알,코스피
278620,PLUS 단기채권액티브,코스피
280360,롯데웰푸드,코스피
280920,PLUS 주도업종,코스피
281820,케이씨텍,코스피
282330,BGF리테일,코스피
284740,쿠쿠홈시스,코스피
285130,SK케미칼,코스피
286940,롯데이노베이트,코스피
287180,PLUS 미국나스닥테크,코스피
289670,PLUS 국채선물10년,코스피
292500,SOL KRX300,코스피
293480,하나제약,코스피
293940,신한알파리츠,코스피
294870,HDC현대산업개발,코스피
295040,SOL 200TR,코스피
298000,효성화학,코스피
298020,효성티앤씨,코스피
298040,효성중공업,코스피
298050,HS효성첨단소재,코스피
298340,PLUS 국채선물3년,코스피
298690,에어부산,코스피
300720,한일시멘트,코스피
302440,SK바이오사이언스,코스피
306200,세아제강,코스피
307950,현대오토에버,코스피
308170,씨티알모빌리티,코스피
316140,우리금융지주,코스피
317400,자이에스앤디,코스피
322000,HD현대에너지솔루션,코스피
323410,카카오뱅크,코스피
326030,SK바이오팜,코스피
329180,HD현대중공업,코스피
330590,롯데리츠,코스피
332610,PLUS 미국단기회사채(AAA~A),코스피
332620,PLUS 미국장기우량회사채,코스피
334890,이지스밸류플러스리츠,코스피
336260,두산퓨얼셀,코스피
336370,솔루스첨단소재,코스피
338100,NH프라임리츠,코스피
339770,교촌에프앤비,코스피
344820,KCC글라스,코스피
348950,제이알글로벌리츠,코스피
350520,이지스레지던스리츠,코스피
352820,하이브,코스피
353200,대덕전자,코스피
357120,코람코라이프인프라리츠,코스피
357250,미래에셋맵스리츠,코스피
357430,마스턴프리미어리츠,코스피
361610,SK아이이테크놀로지,코스피
363280,티와이홀딩스,코스피
363510,SOL KIS단기통안채,코스피
365550,ESR켄달스퀘어리츠,코스피
372910,한컴라이프케어,코스피
373220,LG에너지솔루션,코스피
375500,DL이앤씨,코스피
377190,디앤디플랫폼리츠,코스피
377300,카카오페이,코스피
377740,바이오노트,코스피
378850,화승알앤에이,코스피
381970,케이카,코스피
383220,F&F,코스피
383800,LX홀딩스,코스피
385710,TIMEFOLIO K이노베이션액티브,코스피
391670,HK 베스트일레븐액티브,코스피
395400,SK리츠,코스피
395750,PLUS ESG가치주액티브,코스피
395760,PLUS ESG성장주액티브,코스피
396690,미래에셋글로벌리츠,코스피
399110,SOL 미국S&P500ESG,코스피
400580,SOL 유럽탄소배출권선물S&P(H),코스피
400590,SOL 글로벌탄소배출권선물ICE(합성),코스피
400760,NH올원리츠,코스피
402340,SK스퀘어,코스피
403550,쏘카,코스피
404120,TIMEFOLIO K신재생에너지액티브,코스피
404650,SOL KRX기후변화솔루션,코스피
404990,신한서부티엔디리츠,코스피
407160,KCGI 테크미디어텔레콤액티브,코스피
407170,KCGI 스마트커머스액티브,코스피
407820,에셋플러스 코리아플랫폼액티브,코스피
407830,에셋플러스 글로벌플랫폼액티브,코스피
410870,TIMEFOLIO K컬처액티브,코스피
411540,SOL 200 Top10,코스피
413220,SOL 차이나태양광CSI(합성),코스피
413930,WON AI ESG액티브,코스피
415640,KB발해인프라,코스피
415760,SOL 차이나육성산업액티브(합성),코스피
415920,PLUS 글로벌희토류&전략자원생산기업,코스피
417310,코람코더원리츠,코스피
419650,PLUS 글로벌수소&차세대연료전지,코스피
421320,PLUS 우주항공&UAM,코스피
422260,VITA MZ소비액티브,코스피
423170,SOL 한국형글로벌반도체액티브,코스피
426020,TIMEFOLIO 미국S&P500액티브,코스피
426030,TIMEFOLIO 미국나스닥100액티브,코스피
426150,WON 대한민국국고채액티브,코스피
429740,PLUS K리츠,코스피
429760,PLUS 미국S&P500,코스피
429980,SOL 한국형글로벌전기차&2차전지액티브,코스피
432320,KB스타리츠,코스피
433220,에셋플러스 글로벌대장장이액티브,코스피
433250,UNICORN R&D 액티브,코스피
433330,SOL 미국S&P500,코스피
433850,PLUS TDF2030액티브,코스피
433860,PLUS TDF2040액티브,코스피
433870,PLUS TDF2050액티브,코스피
433880,PLUS TDF2060액티브,코스피
434960,DAISHIN343 K200,코스피
436140,SOL 종합채권(AA-이상)액티브,코스피
438560,SOL 국고채3년,코스피
438570,SOL 국고채10년,코스피
438740,마이다스 중소형액티브,코스피
440910,WON 미국우주항공방산,코스피
441800,TIMEFOLIO Korea플러스배당액티브,코스피
442090,에셋플러스 코리아대장장이액티브,코스피
442260,마이티 다이나믹퀀트액티브,코스피
442580,PLUS 글로벌HBM반도체,코스피
443060,HD현대마린솔루션,코스피
444200,SOL KEDI메가테크액티브,코스피
444490,WON 미국S&P500,코스피
445690,BNK 주주가치액티브,코스피
446070,유니드비티플러스,코스피
446720,SOL 미국배당다우존스,코스피
447620,SOL 미국TOP5채권혼합40 Solactive,코스피
447660,PLUS 애플채권혼합,코스피
448100,WON 200,코스피
448730,삼성FN리츠,코스피
449450,PLUS K방산,코스피
450080,에코프로머티,코스피
450140,코오롱모빌리티그룹,코스피
451000,PLUS 종합채권(AA-이상)액티브,코스피
451150,에셋플러스 글로벌영에이지액티브,코스피
451600,PLUS 국고채30년액티브,코스피
451800,한화리츠,코스피
452260,한화갤러리아,코스피
452360,SOL 미국배당다우존스(H),코스피
452440,VITA 밸류알파액티브,코스피
453010,PLUS KOFR금리,코스피
453340,현대그린푸드,코스피
454910,두산로보틱스,코스피
455850,SOL AI반도체소부장,코스피
455860,SOL 2차전지소부장Fn,코스피
456040,OCI,코스피
456200,PLUS 미국달러SOFR금리액티브(합성),코스피
456600,TIMEFOLIO 글로벌AI인공지능액티브,코스피
457190,이수스페셜티케미컬,코스피
457930,BNK 미래전략기술액티브,코스피
457990,PLUS 태양광&ESS,코스피
458030,WON 단기국공채액티브,코스피
460850,동국씨엠,코스피
460860,동국제강,코스피
461460,PLUS 국고채10년액티브,코스피
461600,SOL 미국30년국채액티브(H),코스피
461900,PLUS 미국테크TOP10,코스피
462340,에셋플러스 글로벌다이나믹시니어액티브,코스피
462520,조선내화,코스피
462540,SOL 25-09 회사채(AA-이상)액티브,코스피
462870,시프트업,코스피
463050,TIMEFOLIO K바이오액티브,코스피
464470,PLUS 미국채30년액티브,코스피
464600,SOL 자동차소부장Fn,코스피
464610,SOL 의료기기소부장Fn,코스피
465770,STX그린로지스,코스피
465780,마이티 26-09 특수채(AAA)액티브,코스피
466810,BNK 2차전지양극재,코스피
466920,SOL 조선TOP3플러스,코스피
466930,SOL 자동차TOP3플러스,코스피
468820,WON 25-09 회사채(AA-이상)액티브,코스피
469830,SOL 초단기채권액티브,코스피
470310,UNICORN 생성형AI강소기업액티브,코스피
472720,TRUSTON 주주가치액티브,코스피
472840,ITF 200,코스피
472920,HK 종합채권(AA-이상)액티브,코스피
473330,SOL 미국30년국채커버드콜(합성),코스피
474390,SOL 국고채30년액티브,코스피
474590,WON 반도체밸류체인액티브,코스피
474920,에셋플러스 차이나일등기업포커스10액티브,코스피
475150,SK이터닉스,코스피
475300,SOL 반도체전공정,코스피
475310,SOL 반도체후공정,코스피
475560,더본코리아,코스피
476000,UNICORN 포스트IPO액티브,코스피
476030,SOL 미국나스닥100,코스피
477050,PLUS 머니마켓액티브,코스피
477490,에셋플러스 글로벌일등기업포커스10액티브,코스피
478150,TIMEFOLIO 글로벌우주테크&방산액티브,코스피
479620,SOL 미국AI반도체칩메이커,코스피
480370,씨케이솔루션,코스피
480460,WON 한국부동산TOP3플러스,코스피
481180,SOL 미국AI소프트웨어,코스피
481190,SOL 미국테크TOP10,코스피
481850,신한글로벌액티브리츠,코스피
483570,KCGI 미국S&P500 TOP10,코스피
483650,달바글로벌,코스피
484870,엠앤씨솔루션,코스피
484880,SOL 금융지주플러스고배당,코스피
484890,SOL 머니마켓액티브,코스피
485810,TIMEFOLIO 글로벌안티에이징바이오액티브,코스피
486240,DAISHIN343 AI반도체&인프라액티브,코스피
486450,SOL 미국AI전력인프라,코스피
487570,HS효성,코스피
487750,BNK 온디바이스AI,코스피
488720,WON 종합채권(AA-이상)액티브,코스피
488980,SOL 26-12 회사채(AA-이상)액티브,코스피
489010,PLUS 글로벌AI인프라,코스피
489030,PLUS 고배당주위클리커버드콜,코스피
489290,WON 미국빌리어네어,코스피
489790,한화비전,코스피
490480,SOL K방산,코스피
490490,SOL 미국배당미국채혼합50,코스피
491220,PLUS 200TR,코스피
491230,PLUS 국공채머니마켓액티브,코스피
491510,파워 K-주주가치액티브,코스피
491700,HK 200,코스피
493420,SOL 미국배당다우존스2호,코스피
494180,TIMEFOLIO 글로벌소비트렌드액티브,코스피
494210,SOL 미국500타겟커버드콜액티브,코스피
494220,UNICORN SK하이닉스밸류체인액티브,코스피
494410,PLUS 미국S&P500성장주,코스피
494420,PLUS 미국배당증가성장주데일리커버드콜,코스피
495040,PLUS 코리아밸류업,코스피
495060,TIMEFOLIO 코리아밸류업액티브,코스피
495550,SOL 코리아밸류업TR,코스피
495710,BNK 26-06 특수채(AAA이상)액티브,코스피
496020,WON 전단채플러스액티브,코스피
496130,TRUSTON 코리아밸류업액티브,코스피
496770,PLUS 글로벌방산,코스피
497880,SOL CD금리&머니마켓액티브,코스피
498180,파워 종합채권(AA-이상)액티브,코스피
499150,SOL 미국S&P500엔화노출(H),코스피
499790,GS피앤엘,코스피
950210,프레스티지바이오파마,코스피
900140,엘브이엠씨홀딩스,코스피
900110,이스트아시아홀딩스,코스닥
900270,헝셩그룹,코스닥
900260,로스웰,코스닥
900290,GRT,코스닥
900300,오가닉티코스메틱,코스닥
900310,컬러레이,코스닥
900340,윙입푸드,코스닥
000250,삼천당제약,코스닥
000440,중앙에너비스,코스닥
001000,신라섬유,코스닥
001540,안국약품,코스닥
001810,무림SP,코스닥
001840,이화공영,코스닥
002230,피에스텍,코스닥
002290,삼일기업공사,코스닥
002680,한탑,코스닥
002800,신신제약,코스닥
003100,선광,코스닥
003310,대주산업,코스닥
003380,하림지주,코스닥
003800,에이스침대,코스닥
004590,한국가구,코스닥
004650,창해에탄올,코스닥
004780,대륙제관,코스닥
005160,동국산업,코스닥
005290,동진쎄미켐,코스닥
005670,푸드웰,코스닥
005710,대원산업,코스닥
005860,한일사료,코스닥
005990,매일홀딩스,코스닥
006050,국영지앤엠,코스닥
006140,피제이전자,코스닥
006620,동구바이오제약,코스닥
006730,서부T&D,코스닥
006910,보성파워텍,코스닥
006920,모헨즈,코스닥
007330,푸른저축은행,코스닥
007370,진양제약,코스닥
007390,네이처셀,코스닥
007530,와이엠,코스닥
007680,대원,코스닥
007720,소노스퀘어,코스닥
007770,한일화학,코스닥
007820,에스엠코어,코스닥
008290,원풍물산,코스닥
008370,원풍,코스닥
008470,부스타,코스닥
008830,대동기어,코스닥
009300,삼아제약,코스닥
009520,포스코엠텍,코스닥
009620,삼보산업,코스닥
009730,이렘,코스닥
009780,엠에스씨,코스닥
010170,대한광통신,코스닥
010240,흥국,코스닥
010280,아이티센엔텍,코스닥
010470,오리콤,코스닥
011040,경동제약,코스닥
011080,형지I&C,코스닥
011320,유니크,코스닥
011370,서한,코스닥
011560,세보엠이씨,코스닥
012340,뉴인텍,코스닥
012620,원일특강,코스닥
012700,리드코프,코스닥
012790,신일제약,코스닥
012860,모베이스전자,코스닥
013030,하이록코리아,코스닥
013120,동원개발,코스닥
013310,아진산업,코스닥
013720,CBI,코스닥
013810,스페코,코스닥
013990,아가방컴퍼니,코스닥
014100,메디앙스,코스닥
014190,원익큐브,코스닥
014200,광림,코스닥
014470,부방,코스닥
014570,고려제약,코스닥
014620,성광벤드,코스닥
014940,오리엔탈정공,코스닥
014970,삼륭물산,코스닥
015710,코콤,코스닥
015750,성우하이텍,코스닥
016100,리더스코스메틱,코스닥
016250,SGC E&C,코스닥
016600,큐캐피탈,코스닥
016670,디모아,코스닥
016790,현대사료,코스닥
016920,카스,코스닥
017000,신원종합개발,코스닥
017250,인터엠,코스닥
017480,삼현철강,코스닥
017510,세명전기,코스닥
017650,대림제지,코스닥
017890,한국알콜,코스닥
018000,유니슨,코스닥
018120,진로발효,코스닥
018290,브이티,코스닥
018310,삼목에스폼,코스닥
018620,우진비앤지,코스닥
018680,서울제약,코스닥
018700,바른손,코스닥
019010,베뉴지,코스닥
019210,와이지-원,코스닥
019540,일지테크,코스닥
019550,SBI인베스트먼트,코스닥
019570,플루토스,코스닥
019590,에스유앤피,코스닥
019660,글로본,코스닥
019770,서연탑메탈,코스닥
019990,에너토크,코스닥
020180,대신정보통신,코스닥
020400,대동금속,코스닥
020710,시공테크,코스닥
021040,대호특수강,코스닥
021080,에이티넘인베스트,코스닥
021320,KCC건설,코스닥
021650,한국큐빅,코스닥
021880,메이슨캐피탈,코스닥
022220,TKG애강,코스닥
023160,태광,코스닥
023410,유진기업,코스닥
023440,제이스코홀딩스,코스닥
023460,CNH,코스닥
023600,삼보판지,코스닥
023760,한국캐피탈,코스닥
023770,플레이위드,코스닥
023790,동일스틸럭스,코스닥
023900,풍국주정,코스닥
023910,대한약품,코스닥
024060,흥구석유,코스닥
024120,KB오토시스,코스닥
024740,한일단조,코스닥
024800,유성티엔에스,코스닥
024810,이화전기,코스닥
024830,세원물산,코스닥
024840,KBI메탈,코스닥
024850,HLB이노베이션,코스닥
024880,케이피에프,코스닥
024910,경창산업,코스닥
024940,PN풍년,코스닥
024950,삼천리자전거,코스닥
025320,시노펙스,코스닥
025440,DH오토웨어,코스닥
025550,한국선재,코스닥
025770,한국정보통신,코스닥
025870,신라에스지,코스닥
025880,케이씨피드,코스닥
025900,동화기업,코스닥
025950,동신건설,코스닥
025980,아난티,코스닥
026040,제이에스티나,코스닥
026150,특수건설,코스닥
026910,광진실업,코스닥
027040,서울전자통신,코스닥
027050,코리아나,코스닥
027360,아주IB투자,코스닥
027580,상보,코스닥
027710,팜스토리,코스닥
027830,대성창투,코스닥
028080,휴맥스홀딩스,코스닥
028300,HLB,코스닥
029480,광무,코스닥
029960,코엔텍,코스닥
030350,드래곤플라이,코스닥
030520,한글과컴퓨터,코스닥
030530,원익홀딩스,코스닥
030960,양지사,코스닥
031310,아이즈비전,코스닥
031330,에스에이엠티,코스닥
031510,오스템,코스닥
031860,디에이치엑스컴퍼니,코스닥
031980,피에스케이홀딩스,코스닥
032080,아즈텍WB,코스닥
032190,다우데이타,코스닥
032280,삼일,코스닥
032300,한국파마,코스닥
032500,케이엠더블유,코스닥
032540,TJ미디어,코스닥
032580,피델릭스,코스닥
032620,유비케어,코스닥
032680,소프트센,코스닥
032750,삼진,코스닥
032790,엠젠솔루션,코스닥
032800,판타지오,코스닥
032820,우리기술,코스닥
032850,비트컴퓨터,코스닥
032860,더라미,코스닥
032940,원익,코스닥
032960,동일기연,코스닥
032980,바이온,코스닥
033050,제이엠아이,코스닥
033100,제룡전기,코스닥
033130,디지틀조선,코스닥
033160,엠케이전자,코스닥
033170,시그네틱스,코스닥
033200,모아텍,코스닥
033230,인성정보,코스닥
033290,코웰패션,코스닥
033310,엠투엔,코스닥
033320,제이씨현시스템,코스닥
033340,좋은사람들,코스닥
033500,동성화인텍,코스닥
033540,파라텍,코스닥
033560,블루콤,코스닥
033640,네패스,코스닥
033790,피노,코스닥
033830,티비씨,코스닥
034810,해성산업,코스닥
034940,조아제약,코스닥
034950,한국기업평가,코스닥
035080,그래디언트,코스닥
035200,프럼파스트,코스닥
035290,골드앤에스,코스닥
035460,기산텔레콤,코스닥
035600,KG이니시스,코스닥
035610,솔본,코스닥
035620,바른손이앤에이,코스닥
035760,CJ ENM,코스닥
035810,이지홀딩스,코스닥
035890,서희건설,코스닥
035900,JYP Ent.,코스닥
036000,예림당,코스닥
036010,아비코전자,코스닥
036030,케이티알파,코스닥
036090,위지트,코스닥
036120,서울평가정보,코스닥
036170,에이치엠넥스,코스닥
036180,지더블유바이텍,코스닥
036190,금화피에스시,코스닥
036200,유니셈,코스닥
036220,오상헬스케어,코스닥
036480,대성미생물,코스닥
036540,SFA반도체,코스닥
036560,KZ정밀,코스닥
036620,감성코퍼레이션,코스닥
036630,세종텔레콤,코스닥
036640,HRS,코스닥
036670,삼양케이씨아이,코스닥
036690,코맥스,코스닥
036710,심텍홀딩스,코스닥
036800,나이스정보통신,코스닥
036810,에프에스티,코스닥
036830,솔브레인홀딩스,코스닥
036890,진성티이씨,코스닥
036930,주성엔지니어링,코스닥
037030,파워넷,코스닥
037070,파세코,코스닥
037230,한국팩키지,코스닥
037330,인지디스플레,코스닥
037350,성도이엔지,코스닥
037370,EG,코스닥
037400,우리엔터프라이즈,코스닥
037440,희림,코스닥
037460,삼지전자,코스닥
037760,쎄니트,코스닥
037950,엘컴텍,코스닥
038010,제일테크노스,코스닥
038060,루멘스,코스닥
038070,서린바이오,코스닥
038110,에코플라스틱,코스닥
038290,마크로젠,코스닥
038390,레드캡투어,코스닥
038460,바이오스마트,코스닥
038500,삼표시멘트,코스닥
038530,케이바이오,코스닥
038540,상상인,코스닥
038620,위즈코프,코스닥
038680,에스넷,코스닥
038870,에코바이오,코스닥
038880,아이에이,코스닥
038950,파인디지털,코스닥
039010,현대에이치티,코스닥
039020,이건홀딩스,코스닥
039030,이오테크닉스,코스닥
039200,오스코텍,코스닥
039240,경남스틸,코스닥
039290,인포뱅크,코스닥
039310,세중,코스닥
039340,한국경제TV,코스닥
039420,케이엘넷,코스닥
039440,에스티아이,코스닥
039560,다산네트웍스,코스닥
039610,화성밸브,코스닥
039740,한국정보공학,코스닥
039830,오로라,코스닥
039840,디오,코스닥
039860,나노엔텍,코스닥
039980,폴라리스AI,코스닥
040160,누리플렉스,코스닥
040300,YTN,코스닥
040350,크레오에스지,코스닥
040420,정상제이엘에스,코스닥
040610,SG&G,코스닥
040910,아이씨디,코스닥
041020,폴라리스오피스,코스닥
041190,우리기술투자,코스닥
041440,현대에버다임,코스닥
041460,한국전자인증,코스닥
041510,에스엠,코스닥
041520,이엘씨,코스닥
041590,플래스크,코스닥
041830,인바디,코스닥
041910,폴라리스AI파마,코스닥
041920,메디아나,코스닥
041930,동아화성,코스닥
041960,코미팜,코스닥
042000,카페24,코스닥
042040,케이피엠테크,코스닥
042110,에스씨디,코스닥
042370,비츠로테크,코스닥
042420,네오위즈홀딩스,코스닥
042500,링네트,코스닥
042510,라온시큐어,코스닥
042520,한스바이오메드,코스닥
042600,새로닉스,코스닥
042940,상지건설,코스닥
043090,더테크놀로지,코스닥
043100,알파녹스,코스닥
043150,바텍,코스닥
043200,파루,코스닥
043220,티에스넥스젠,코스닥
043260,성호전자,코스닥
043340,에쎈테크,코스닥
043360,디지아이,코스닥
043370,피에이치에이,코스닥
043590,웰킵스하이텍,코스닥
043610,KT지니뮤직,코스닥
043650,국순당,코스닥
043710,서울리거,코스닥
043910,자연과환경,코스닥
044060,조광ILI,코스닥
044180,KD,코스닥
044340,위닉스,코스닥
044480,빌리언스,코스닥
044490,태웅,코스닥
044780,에이치케이,코스닥
044960,이글벳,코스닥
044990,에이치엔에스하이텍,코스닥
045060,오공,코스닥
045100,한양이엔지,코스닥
045300,성우테크론,코스닥
045340,토탈소프트,코스닥
045390,대아티아이,코스닥
045510,정원엔시스,코스닥
045520,크린앤사이언스,코스닥
045660,에이텍,코스닥
045970,코아시아,코스닥
046070,코다코,코스닥
046120,오르비텍,코스닥
046210,HLB파나진,코스닥
046310,백금T&A,코스닥
046390,삼화네트웍스,코스닥
046440,KG모빌리언스,코스닥
046890,서울반도체,코스닥
046940,우원개발,코스닥
046970,우리로,코스닥
047080,한빛소프트,코스닥
047310,파워로직스,코스닥
047560,이스트소프트,코스닥
047770,코데즈컴바인,코스닥
047820,초록뱀미디어,코스닥
047920,HLB제약,코스닥
048410,현대바이오,코스닥
048430,유라테크,코스닥
048470,대동스틸,코스닥
048530,인트론바이오,코스닥
048550,SM C&C,코스닥
048770,TPC,코스닥
048830,엔피케이,코스닥
048870,시너지이노베이션,코스닥
048910,대원미디어,코스닥
049070,인탑스,코스닥
049080,기가레인,코스닥
049120,파인디앤씨,코스닥
049180,셀루메드,코스닥
049430,코메론,코스닥
049470,SGA,코스닥
049480,오픈베이스,코스닥
049520,유아이엘,코스닥
049550,잉크테크,코스닥
049630,재영솔루텍,코스닥
049720,고려신용정보,코스닥
049830,승일,코스닥
049950,미래컴퍼니,코스닥
049960,쎌바이오텍,코스닥
050090,비케이홀딩스,코스닥
050110,캠시스,코스닥
050120,ES큐브,코스닥
050760,에스폴리텍,코스닥
050860,아세아텍,코스닥
050890,쏠리드,코스닥
050960,수산아이앤티,코스닥
051160,지어소프트,코스닥
051360,토비스,코스닥
051370,인터플렉스,코스닥
051380,피씨디렉트,코스닥
051390,YW,코스닥
051490,나라엠앤디,코스닥
051500,CJ프레시웨이,코스닥
051780,큐로홀딩스,코스닥
051980,중앙첨단소재,코스닥
052020,에스티큐브,코스닥
052220,iMBC,코스닥
052260,현대바이오랜드,코스닥
052300,오션인더블유,코스닥
052330,코텍,코스닥
052400,코나아이,코스닥
052420,오성첨단소재,코스닥
052460,아이크래프트,코스닥
052600,한네트,코스닥
052670,제일바이오,코스닥
052710,아모텍,코스닥
052770,아이톡시,코스닥
052790,액토즈소프트,코스닥
052860,아이앤씨,코스닥
052900,KX하이텍,코스닥
053030,바이넥스,코스닥
053050,지에스이,코스닥
053060,세동,코스닥
053080,케이엔솔,코스닥
053160,프리엠스,코스닥
053260,금강철강,코스닥
053270,구영테크,코스닥
053280,예스24,코스닥
053290,NE능률,코스닥
053300,한국정보인증,코스닥
053350,이니텍,코스닥
053450,세코닉스,코스닥
053580,웹케시,코스닥
053610,프로텍,코스닥
053620,태양,코스닥
053700,삼보모터스,코스닥
053800,안랩,코스닥
053950,경남제약,코스닥
053980,오상자이엘,코스닥
054040,한국컴퓨터,코스닥
054050,농우바이오,코스닥
054090,삼진엘앤디,코스닥
054180,메디콕스,코스닥
054210,이랜텍,코스닥
054220,비츠로시스,코스닥
054300,팬스타엔터프라이즈,코스닥
054410,케이피티유,코스닥
054450,텔레칩스,코스닥
054540,삼영엠텍,코스닥
054620,APS,코스닥
054630,에이디칩스,코스닥
054670,대한뉴팜,코스닥
054780,키이스트,코스닥
054800,아이디스홀딩스,코스닥
054920,한컴위드,코스닥
054930,유신,코스닥
054940,엑사이엔씨,코스닥
054950,제이브이엠,코스닥
056080,유진로봇,코스닥
056090,시지메드텍,코스닥
056190,에스에프에이,코스닥
056360,코위버,코스닥
056700,신화인터텍,코스닥
056730,CNT85,코스닥
057030,YBM넷,코스닥
057540,옴니시스템,코스닥
057680,티사이언티픽,코스닥
057880,푸른소나무,코스닥
058110,멕아이씨에스,코스닥
058400,KNN,코스닥
058450,한주에이알티,코스닥
058470,리노공업,코스닥
058610,에스피지,코스닥
058630,엠게임,코스닥
058820,CMG제약,코스닥
058970,엠로,코스닥
059090,미코,코스닥
059100,아이컴포넌트,코스닥
059120,아진엑스텍,코스닥
059210,메타바이오메드,코스닥
059270,해성에어로보틱스,코스닥
060150,인선이엔티,코스닥
060230,소니드,코스닥
060240,스타코링크,코스닥
060250,NHN KCP,코스닥
060260,뉴보텍,코스닥
060280,큐렉소,코스닥
060310,3S,코스닥
060370,LS마린솔루션,코스닥
060380,동양에스텍,코스닥
060480,국일신동,코스닥
060540,에스에이티,코스닥
060560,홈센타홀딩스,코스닥
060570,드림어스컴퍼니,코스닥
060590,씨티씨바이오,코스닥
060720,KH바텍,코스닥
060850,영림원소프트랩,코스닥
060900,DGP,코스닥
061040,알에프텍,코스닥
061250,화일약품,코스닥
061970,LB세미콘,코스닥
062970,한국첨단소재,코스닥
063080,컴투스홀딩스,코스닥
063170,서울옥션,코스닥
063440,SM Life Design,코스닥
063570,NICE인프라,코스닥
063760,이엘피,코스닥
064090,인크레더블버즈,코스닥
064240,홈캐스트,코스닥
064260,다날,코스닥
064290,인텍플러스,코스닥
064480,브리지텍,코스닥
064520,테크엘,코스닥
064550,바이오니아,코스닥
064760,티씨케이,코스닥
064800,포니링크,코스닥
064820,케이프,코스닥
064850,에프앤가이드,코스닥
065060,지엔코,코스닥
065130,탑엔지니어링,코스닥
065150,대산F&B,코스닥
065170,비엘팜텍,코스닥
065350,신성델타테크,코스닥
065370,위세아이텍,코스닥
065420,에스아이리소스,코스닥
065440,이루온,코스닥
065450,빅텍,코스닥
065500,오리엔트정공,코스닥
065510,휴비츠,코스닥
065530,와이어블,코스닥
065570,삼영이엔씨,코스닥
065650,하이퍼코퍼레이션,코스닥
065660,안트로젠,코스닥
065680,우주일렉트로,코스닥
065690,파커스,코스닥
065710,서호전기,코스닥
065770,CS,코스닥
065950,웰크론,코스닥
066130,하츠,코스닥
066310,큐에스아이,코스닥
066360,체리부로,코스닥
066410,버킷스튜디오,코스닥
066430,와이오엠,코스닥
066590,우수AMS,코스닥
066620,국보디자인,코스닥
066670,디티씨,코스닥
066700,테라젠이텍스,코스닥
066790,씨씨에스,코스닥
066900,디에이피,코스닥
066910,손오공,코스닥
066980,한성크린텍,코스닥
067000,조이시티,코스닥
067010,이씨에스,코스닥
067080,대화제약,코스닥
067160,SOOP,코스닥
067170,오텍,코스닥
067280,멀티캠퍼스,코스닥
067290,JW신약,코스닥
067310,하나마이크론,코스닥
067370,선바이오,코스닥
067390,아스트,코스닥
067570,엔브이에이치코리아,코스닥
067630,HLB생명과학,코스닥
067730,로지시스,코스닥
067770,세진티에스,코스닥
067900,와이엔텍,코스닥
067920,이글루,코스닥
067990,도이치모터스,코스닥
068050,팬엔터테인먼트,코스닥
068100,케이웨더,코스닥
068240,다원시스,코스닥
068330,일신바이오,코스닥
068760,셀트리온제약,코스닥
068790,DMS,코스닥
068930,디지털대성,코스닥
068940,셀피글로벌,코스닥
069080,웹젠,코스닥
069140,누리플랜,코스닥
069330,유아이디,코스닥
069410,엔텔스,코스닥
069510,에스텍,코스닥
069540,빛과전자,코스닥
069920,엑시온그룹,코스닥
070300,엑스큐어,코스닥
070590,한솔인티큐브,코스닥
071200,인피니트헬스케어,코스닥
071280,로체시스템즈,코스닥
071460,위니아,코스닥
071670,에이테크솔루션,코스닥
071850,캐스텍코리아,코스닥
072020,중앙백신,코스닥
072470,우리산업홀딩스,코스닥
072520,제넨바이오,코스닥
072770,율호,코스닥
072870,메가스터디,코스닥
072950,빛샘전자,코스닥
072990,에이치시티,코스닥
073010,케이에스피,코스닥
073110,엘엠에스,코스닥
073190,듀오백,코스닥
073490,이노와이어리스,코스닥
073540,에프알텍,코스닥
073560,우리손에프앤지,코스닥
073570,리튬포어스,코스닥
073640,테라사이언스,코스닥
074430,아미노로직스,코스닥
074600,원익QnC,코스닥
075130,플랜티넷,코스닥
075970,동국알앤에스,코스닥
076080,웰크론한텍,코스닥
076610,해성옵틱스,코스닥
077360,덕산하이메탈,코스닥
078020,LS증권,코스닥
078070,유비쿼스홀딩스,코스닥
078130,국일제지,코스닥
078140,대봉엘에스,코스닥
078150,HB테크놀러지,코스닥
078160,메디포스트,코스닥
078340,컴투스,코스닥
078350,한양디지텍,코스닥
078590,휴림에이텍,코스닥
078600,대주전자재료,코스닥
078860,엔에스이엔엠,코스닥
078890,가온그룹,코스닥
079000,와토스코리아,코스닥
079170,한창산업,코스닥
079190,케스피온,코스닥
079370,제우스,코스닥
079650,서산,코스닥
079810,디이엔티,코스닥
079940,가비아,코스닥
079950,인베니아,코스닥
079960,동양이엔피,코스닥
079970,투비소프트,코스닥
080010,이상네트웍스,코스닥
080160,모두투어,코스닥
080220,제주반도체,코스닥
080420,모다이노칩,코스닥
080470,성창오토텍,코스닥
080520,오디텍,코스닥
080530,코디,코스닥
080580,오킨스전자,코스닥
080720,한국유니온제약,코스닥
081150,티플랙스,코스닥
081180,쎄크,코스닥
081580,성우전자,코스닥
082210,옵트론텍,코스닥
082270,젬백스,코스닥
082660,코스나인,코스닥
082800,비보존 제약,코스닥
082850,우리바이오,코스닥
082920,비츠로셀,코스닥
083310,엘오티베큠,코스닥
083450,GST,코스닥
083470,이엠앤아이,코스닥
083500,에프엔에스테크,코스닥
083550,케이엠,코스닥
083640,인콘,코스닥
083650,비에이치아이,코스닥
083660,CSA 코스믹,코스닥
083790,CG인바이츠,코스닥
083930,아바코,코스닥
084110,휴온스글로벌,코스닥
084180,수성웹툰,코스닥
084370,유진테크,코스닥
084440,유비온,코스닥
084650,랩지노믹스,코스닥
084730,팅크웨어,코스닥
084850,아이티엠반도체,코스닥
084990,헬릭스미스,코스닥
085660,차바이오텍,코스닥
085670,뉴프렉스,코스닥
085810,알티캐스트,코스닥
085910,네오티스,코스닥
086040,바이오톡스텍,코스닥
086060,진바이오텍,코스닥
086390,유니테스트,코스닥
086450,동국제약,코스닥
086520,에코프로,코스닥
086670,비엠티,코스닥
086710,선진뷰티사이언스,코스닥
086820,바이오솔루션,코스닥
086890,이수앱지스,코스닥
086900,메디톡스,코스닥
086960,MDS테크,코스닥
086980,쇼박스,코스닥
087010,펩트론,코스닥
087260,모바일어플라이언스,코스닥
087600,픽셀플러스,코스닥
088130,동아엘텍,코스닥
088280,쏘닉스,코스닥
088290,이원컴포텍,코스닥
088340,유라클,코스닥
088390,이녹스,코스닥
088800,에이스테크,코스닥
088910,동우팜투테이블,코스닥
089010,켐트로닉스,코스닥
089030,테크윙,코스닥
089140,넥스턴바이오,코스닥
089150,케이씨티,코스닥
089230,THE E&M,코스닥
089600,KT나스미디어,코스닥
089790,제이티,코스닥
089850,유비벨록스,코스닥
089890,코세스,코스닥
089970,브이엠,코스닥
089980,상아프론테크,코스닥
090150,아이윈,코스닥
090360,로보스타,코스닥
090410,덕신이피씨,코스닥
090470,제이스텍,코스닥
090710,휴림로봇,코스닥
090850,현대이지웰,코스닥
091120,이엠텍,코스닥
091340,S&K폴리텍,코스닥
091440,한울소재과학,코스닥
091580,상신이디피,코스닥
091590,남화토건,코스닥
091700,파트론,코스닥
091970,나노캠텍,코스닥
092040,아미코젠,코스닥
092070,디엔에프,코스닥
092130,이크레더블,코스닥
092190,서울바이오시스,코스닥
092300,현우산업,코스닥
092460,한라IMS,코스닥
092600,앤씨앤,코스닥
092730,네오팜,코스닥
092870,엑시콘,코스닥
093190,빅솔론,코스닥
093320,케이아이엔엑스,코스닥
093380,풍강,코스닥
093520,매커스,코스닥
093640,케이알엠,코스닥
093920,서원인텍,코스닥
094170,동운아나텍,코스닥
094360,칩스앤미디어,코스닥
094480,갤럭시아머니트리,코스닥
094820,일진파워,코스닥
094840,슈프리마에이치큐,코스닥
094850,참좋은여행,코스닥
094860,네오리진,코스닥
094940,푸른기술,코스닥
094970,제이엠티,코스닥
095190,이엠코리아,코스닥
095270,웨이브일렉트로,코스닥
095340,ISC,코스닥
095500,미래나노텍,코스닥
095610,테스,코스닥
095660,네오위즈,코스닥
095700,제넥신,코스닥
095910,에스에너지,코스닥
096040,이트론,코스닥
096240,크레버스,코스닥
096250,와이즈넛,코스닥
096350,대창솔루션,코스닥
096530,씨젠,코스닥
096610,알에프세미,코스닥
096630,에스코넥,코스닥
096690,에이루트,코스닥
096870,엘디티,코스닥
097780,에코볼트,코스닥
097800,윈팩,코스닥
097870,효성오앤비,코스닥
098070,한텍,코스닥
098120,마이크로컨텍솔,코스닥
098460,고영,코스닥
098660,에스티오,코스닥
099190,아이센스,코스닥
099220,SDN,코스닥
099320,쎄트렉아이,코스닥
099390,브레인즈컴퍼니,코스닥
099410,동방선기,코스닥
099430,바이오플러스,코스닥
099440,스맥,코스닥
099520,DGI,코스닥
099750,이지케어텍,코스닥
100030,인지소프트,코스닥
100120,뷰웍스,코스닥
100130,동국S&C,코스닥
100590,머큐리,코스닥
100660,서암기계공업,코스닥
100700,세운메디칼,코스닥
100790,미래에셋벤처투자,코스닥
101000,KS인더스트리,코스닥
101160,월덱스,코스닥
101170,우림피티에스,코스닥
101240,씨큐브,코스닥
101330,모베이스,코스닥
101360,에코앤드림,코스닥
101390,아이엠,코스닥
101400,엔시트론,코스닥
101490,에스앤에스텍,코스닥
101670,하이드로리튬,코스닥
101680,한국정밀기계,코스닥
101730,위메이드맥스,코스닥
101930,인화정공,코스닥
101970,우양에이치씨,코스닥
102120,어보브반도체,코스닥
102370,케이옥션,코스닥
102710,이엔에프테크놀로지,코스닥
102940,코오롱생명과학,코스닥
103230,에스앤더블류,코스닥
103840,우양,코스닥
104040,대성파인텍,코스닥
104200,NHN벅스,코스닥
104460,디와이피엔에프,코스닥
104480,티케이케미칼,코스닥
104540,코렌텍,코스닥
104620,노랑풍선,코스닥
104830,원익머트리얼즈,코스닥
105330,케이엔더블유,코스닥
105550,엣지파운드리,코스닥
105740,디케이락,코스닥
105760,포스뱅크,코스닥
106080,케이이엠텍,코스닥
106190,하이텍팜,코스닥
106240,파인테크닉스,코스닥
106520,노블엠앤비,코스닥
107600,새빗켐,코스닥
107640,한중엔시에스,코스닥
108230,톱텍,코스닥
108380,대양전기공업,코스닥
108490,로보티즈,코스닥
108860,셀바스AI,코스닥
109080,옵티시스,코스닥
109610,에스와이,코스닥
109670,씨싸이트,코스닥
109740,디에스케이,코스닥
109820,진매트릭스,코스닥
109860,동일금속,코스닥
109960,AP헬스케어,코스닥
110020,전진바이오팜,코스닥
110790,크리스에프앤씨,코스닥
110990,디아이티,코스닥
111710,남화산업,코스닥
111870,KH 미래물산,코스닥
112040,위메이드,코스닥
112290,와이씨켐,코스닥
113810,디젠스,코스닥
114190,강원에너지,코스닥
114450,그린생명과학,코스닥
114630,폴라리스우노,코스닥
114810,한솔아이원스,코스닥
114840,아이패밀리에스씨,코스닥
115160,휴맥스,코스닥
115180,큐리언트,코스닥
115310,인포바인,코스닥
115440,우리넷,코스닥
115450,HLB테라퓨틱스,코스닥
115480,씨유메디칼,코스닥
115500,케이씨에스,코스닥
115530,씨엔플러스,코스닥
115570,스타플렉스,코스닥
115610,이미지스,코스닥
117670,알파칩스,코스닥
117730,티로보틱스,코스닥
118990,모트렉스,코스닥
119500,포메탈,코스닥
119610,인터로조,코스닥
119830,아이텍,코스닥
119850,지엔씨에너지,코스닥
120240,대정화금,코스닥
121440,골프존홀딩스,코스닥
121600,나노신소재,코스닥
121800,비덴트,코스닥
121850,코이즈,코스닥
121890,에스디시스템,코스닥
122310,제노레이,코스닥
122350,삼기,코스닥
122450,KX,코스닥
122640,예스티,코스닥
122690,서진오토모티브,코스닥
122870,와이지엔터테인먼트,코스닥
122990,와이솔,코스닥
123010,아이윈플러스,코스닥
123040,엠에스오토텍,코스닥
123330,제닉,코스닥
123410,코리아에프티,코스닥
123420,위메이드플레이,코스닥
123570,이엠넷,코스닥
123750,알톤,코스닥
123840,뉴온,코스닥
123860,아나패스,코스닥
124500,아이티센글로벌,코스닥
124560,태웅로직스,코스닥
125020,티씨머티리얼즈,코스닥
125210,아모그린텍,코스닥
126340,비나텍,코스닥
126600,BGF에코머티리얼즈,코스닥
126640,화신정공,코스닥
126700,하이비젼시스템,코스닥
126730,코칩,코스닥
126880,제이엔케이글로벌,코스닥
127120,제이에스링크,코스닥
127710,아시아경제,코스닥
127980,화인써키트,코스닥
128540,에코캡,코스닥
128660,피제이메탈,코스닥
129890,앱코,코스닥
129920,대성하이텍,코스닥
130500,GH신소재,코스닥
130580,나이스디앤비,코스닥
130740,티피씨글로벌,코스닥
131030,옵투스제약,코스닥
131090,시큐브,코스닥
131100,티엔엔터테인먼트,코스닥
131180,딜리,코스닥
131220,대한과학,코스닥
131290,티에스이,코스닥
131370,알서포트,코스닥
131400,이브이첨단소재,코스닥
131760,파인텍,코스닥
131970,두산테스나,코스닥
133750,메가엠디,코스닥
134060,이퓨쳐,코스닥
134580,탑코미디어,코스닥
136150,원일티엔아이,코스닥
136410,아셈스,코스닥
136480,하림,코스닥
136540,윈스테크넷,코스닥
137080,나래나노텍,코스닥
137400,피엔티,코스닥
137940,넥스트아이,코스닥
137950,제이씨케미칼,코스닥
138070,신진에스엠,코스닥
138080,오이솔루션,코스닥
138360,협진,코스닥
138610,나이벡,코스닥
139050,BF랩스,코스닥
139670,키네마스터,코스닥
140070,서플러스글로벌,코스닥
140410,메지온,코스닥
140430,카티스,코스닥
140520,대창스틸,코스닥
140670,알에스오토메이션,코스닥
140860,파크시스템스,코스닥
141000,비아트론,코스닥
141080,리가켐바이오,코스닥
142210,유니트론텍,코스닥
142280,녹십자엠에스,코스닥
142760,모아라이프플러스,코스닥
143160,아이디스,코스닥
143240,사람인,코스닥
143540,영우디에스피,코스닥
144510,지씨셀,코스닥
144960,뉴파워프라즈마,코스닥
145020,휴젤,코스닥
145170,노브랜드,코스닥
146060,율촌,코스닥
146320,비씨엔씨,코스닥
147760,피엠티,코스닥
147830,제룡산업,코스닥
148150,세경하이테크,코스닥
148250,알엔투테크놀로지,코스닥
148780,비큐AI,코스닥
148930,에이치와이티씨,코스닥
149950,아바텍,코스닥
149980,하이로닉,코스닥
150840,인트로메딕,코스닥
150900,파수,코스닥
151860,KG에코솔루션,코스닥
151910,퓨처코어,코스닥
153460,네이블,코스닥
153490,우리이앤엘,코스닥
153710,옵티팜,코스닥
154030,아시아종묘,코스닥
154040,다산솔루에타,코스닥
155650,와이엠씨,코스닥
156100,엘앤케이바이오,코스닥
158430,아톤,코스닥
159010,아스플로,코스닥
159580,제로투세븐,코스닥
159910,에코글로우,코스닥
160190,하이젠알앤엠,코스닥
160550,NEW,코스닥
160980,싸이맥스,코스닥
161580,필옵틱스,코스닥
162300,신스틸,코스닥
163280,에어레인,코스닥
163730,핑거,코스닥
166090,하나머티리얼즈,코스닥
166480,코아스템켐온,코스닥
168330,내츄럴엔도텍,코스닥
168360,펨트론,코스닥
169330,엠브레인,코스닥
170030,현대공업,코스닥
170790,파이오링크,코스닥
170920,엘티씨,코스닥
171010,램테크놀러지,코스닥
171090,선익시스템,코스닥
171120,라이온켐텍,코스닥
172670,에이엘티,코스닥
173130,오파스넷,코스닥
173940,에프엔씨엔터,코스닥
174880,장원테크,코스닥
174900,앱클론,코스닥
175140,휴먼테크놀로지,코스닥
175250,아이큐어,코스닥
176750,듀켐바이오,코스닥
177350,베셀,코스닥
177830,파버나인,코스닥
177900,쓰리에이로직스,코스닥
178320,서진시스템,코스닥
178780,일월지엠엘,코스닥
179290,엠아이텍,코스닥
179530,애드바이오텍,코스닥
179900,유티아이,코스닥
180400,DXVX,코스닥
182360,큐브엔터,코스닥
182400,엔케이맥스,코스닥
183300,코미코,코스닥
183490,엔지켐생명과학,코스닥
184230,SGA솔루션즈,코스닥
185490,아이진,코스닥
186230,그린플러스,코스닥
187220,디티앤씨,코스닥
187270,신화콘텍,코스닥
187420,HLB제넥스,코스닥
187660,현대ADM,코스닥
187790,나노,코스닥
187870,디바이스,코스닥
188040,바이오포트,코스닥
188260,세니젠,코스닥
189300,인텔리안테크,코스닥
189330,씨이랩,코스닥
189690,포시에스,코스닥
189860,서전기전,코스닥
189980,흥국에프엔비,코스닥
190510,나무가,코스닥
190650,코리아에셋투자증권,코스닥
191410,육일씨엔에쓰,코스닥
191420,테고사이언스,코스닥
192250,케이사인,코스닥
192390,윈하이텍,코스닥
192410,오늘이엔엠,코스닥
192440,슈피겐코리아,코스닥
193250,링크드,코스닥
194480,데브시스터즈,코스닥
194700,노바렉스,코스닥
195500,마니커에프앤지,코스닥
195940,HK이노엔,코스닥
195990,에이비프로바이오,코스닥
196170,알테오젠,코스닥
196300,HLB펩,코스닥
196450,코아시아씨엠,코스닥
196490,디에이테크놀로지,코스닥
196700,웹스,코스닥
197140,디지캡,코스닥
198080,엔피디,코스닥
198440,강동씨앤엘,코스닥
198940,한주라이트메탈,코스닥
199430,케이엔알시스템,코스닥
199480,뱅크웨어글로벌,코스닥
199550,레이저옵텍,코스닥
199730,바이오인프라,코스닥
199800,툴젠,코스닥
199820,제일일렉트릭,코스닥
200130,콜마비앤에이치,코스닥
200230,텔콘RF제약,코스닥
200350,아티스트스튜디오,코스닥
200470,에이팩트,코스닥
200670,휴메딕스,코스닥
200710,에이디테크놀로지,코스닥
200780,비씨월드제약,코스닥
201490,미투온,코스닥
203400,에이비온,코스닥
203450,유니온바이오메트릭스,코스닥
203650,드림시큐리티,코스닥
203690,아크솔루션스,코스닥
204020,그리티,코스닥
204270,제이앤티씨,코스닥
204610,티쓰리,코스닥
204620,글로벌텍스프리,코스닥
204630,스튜디오산타클로스,코스닥
204840,지엘팜텍,코스닥
205100,엑셈,코스닥
205470,휴마시스,코스닥
205500,넥써쓰,코스닥
206400,베노티앤알,코스닥
206560,덱스터,코스닥
206640,바디텍메드,코스닥
206650,유바이오로직스,코스닥
207760,미스터블루,코스닥
208140,정다운,코스닥
208340,파멥신,코스닥
208350,지란지교시큐리티,코스닥
208370,셀바스헬스케어,코스닥
208640,썸에이지,코스닥
208710,포톤,코스닥
208860,엔지스테크널러지,코스닥
209640,와이제이링크,코스닥
210120,캔버스엔,코스닥
211050,인카금융서비스,코스닥
211270,AP위성,코스닥
212560,네오오토,코스닥
212710,아이에스티이,코스닥
213420,덕산네오룩스,코스닥
214150,클래시스,코스닥
214180,헥토이노베이션,코스닥
214260,라파스,코스닥
214270,FSN,코스닥
214370,케어젠,코스닥
214430,아이쓰리시스템,코스닥
214450,파마리서치,코스닥
214610,더바이오메드,코스닥
214680,디알텍,코스닥
215000,골프존,코스닥
215090,솔디펜스,코스닥
215100,로보로보,코스닥
215200,메가스터디교육,코스닥
215360,우리산업,코스닥
215380,우정바이오,코스닥
215480,토박스코리아,코스닥
215600,신라젠,코스닥
215790,이노인스트루먼트,코스닥
216050,인크로스,코스닥
216080,제테마,코스닥
217190,제너셈,코스닥
217270,넵튠,코스닥
217330,싸이토젠,코스닥
217480,에스디생명공학,코스닥
217500,러셀,코스닥
217620,선샤인푸드,코스닥
217730,강스템바이오텍,코스닥
217820,원익피앤이,코스닥
218150,미래생명자원,코스닥
218410,RFHIC,코스닥
219130,타이거일렉,코스닥
219420,링크제니시스,코스닥
219550,디와이디,코스닥
219750,한국비티비,코스닥
220100,퓨쳐켐,코스닥
220180,핸디소프트,코스닥
220260,켐트로스,코스닥
221800,유투바이오,코스닥
221840,하이즈항공,코스닥
221980,케이디켐,코스닥
222040,코스맥스엔비티,코스닥
222080,씨아이에스,코스닥
222110,팬젠,코스닥
222160,NPX,코스닥
222420,쎄노텍,코스닥
222800,심텍,코스닥
222810,세토피아,코스닥
222980,한국맥널티,코스닥
223250,드림씨아이에스,코스닥
223310,딥마인드,코스닥
224060,더코디,코스닥
224110,에이텍모빌리티,코스닥
225190,LK삼양,코스닥
225220,제놀루션,코스닥
225430,케이엠제약,코스닥
225530,보광산업,코스닥
225570,넥슨게임즈,코스닥
225590,패션플랫폼,코스닥
226330,신테카바이오,코스닥
226340,본느,코스닥
226360,KH 건설,코스닥
226400,오스테오닉,코스닥
226440,한송네오텍,코스닥
226590,엠디바이스,코스닥
226950,올릭스,코스닥
227100,퀀텀온,코스닥
227610,아우딘퓨쳐스,코스닥
227950,엔투텍,코스닥
228340,동양파일,코스닥
228670,레이,코스닥
228760,지노믹트리,코스닥
228850,레이언스,코스닥
229000,젠큐릭스,코스닥
230240,에치에프알,코스닥
230360,에코마케팅,코스닥
230980,비유테크놀러지,코스닥
232140,와이씨,코스닥
232680,라온테크,코스닥
232830,아이티센피엔에스,코스닥
234100,폴라리스세원,코스닥
234300,에스트래픽,코스닥
234340,헥토파이낸셜,코스닥
234690,녹십자웰빙,코스닥
234920,자이글,코스닥
235980,메드팩토,코스닥
236200,슈프리마,코스닥
236810,엔비티,코스닥
237690,에스티팜,코스닥
237750,피앤씨테크,코스닥
237820,플레이디,코스닥
237880,클리오,코스닥
238090,앤디포스,코스닥
238120,얼라인드,코스닥
238200,비피도,코스닥
238490,힘스,코스닥
239340,이스트에이드,코스닥
239610,에이치엘사이언스,코스닥
239890,피엔에이치테크,코스닥
240550,동방메디컬,코스닥
240600,유진테크놀로지,코스닥
240810,원익IPS,코스닥
241520,DSC인베스트먼트,코스닥
241690,유니테크노,코스닥
241710,코스메카코리아,코스닥
241770,메카로,코스닥
241790,티이엠씨씨엔에스,코스닥
241820,피씨엘,코스닥
241840,에이스토리,코스닥
242040,나무기술,코스닥
243070,휴온스,코스닥
243840,신흥에스이씨,코스닥
244460,올리패스,코스닥
245620,EDGC,코스닥
246250,에스엘에스바이오,코스닥
246690,TS인베스트먼트,코스닥
246710,티앤알바이오팹,코스닥
246720,아스타,코스닥
246960,SCL사이언스,코스닥
247540,에코프로비엠,코스닥
247660,나노씨엠에스,코스닥
250000,보라티알,코스닥
250060,모비스,코스닥
250930,예선테크,코스닥
251120,바이오에프디엔씨,코스닥
251370,와이엠티,코스닥
251630,브이원텍,코스닥
251970,펌텍코리아,코스닥
252500,세화피앤씨,코스닥
252990,샘씨엔에스,코스닥
253450,스튜디오드래곤,코스닥
253590,네오셈,코스닥
253840,수젠텍,코스닥
254120,자비스,코스닥
254490,미래반도체,코스닥
255220,SG,코스닥
255440,야스,코스닥
256150,한독크린텍,코스닥
256630,포인트엔지니어링,코스닥
256840,한국비엔씨,코스닥
256940,킵스파마,코스닥
257370,피엔티엠에스,코스닥
257720,실리콘투,코스닥
258610,케일럼,코스닥
258790,소프트캠프,코스닥
258830,세종메디칼,코스닥
259630,엠플러스,코스닥
260660,알리코제약,코스닥
260930,씨티케이,코스닥
260970,에스앤디,코스닥
261200,덴티스,코스닥
261780,차백신연구소,코스닥
262260,에이프로,코스닥
262840,아이퀘스트,코스닥
263020,디케이앤디,코스닥
263050,유틸렉스,코스닥
263600,덕우전자,코스닥
263690,디알젬,코스닥
263700,케어랩스,코스닥
263720,디앤씨미디어,코스닥
263750,펄어비스,코스닥
263770,유에스티,코스닥
263800,데이타솔루션,코스닥
263810,상신전자,코스닥
263860,지니언스,코스닥
263920,휴엠앤씨,코스닥
264450,유비쿼스,코스닥
264660,씨앤지하이테크,코스닥
264850,이랜시스,코스닥
265520,AP시스템,코스닥
265560,영화테크,코스닥
265740,엔에프씨,코스닥
267320,나인테크,코스닥
267790,배럴,코스닥
267980,매일유업,코스닥
269620,시스웍,코스닥
270520,앱트뉴로사이언스,코스닥
270660,에브리봇,코스닥
270870,뉴트리,코스닥
271830,팸텍,코스닥
272110,케이엔제이,코스닥
272290,이녹스첨단소재,코스닥
273060,와이즈버즈,코스닥
273640,와이엠텍,코스닥
274090,켄코아에어로스페이스,코스닥
274400,이노시뮬레이션,코스닥
275630,에스에스알,코스닥
276040,스코넥,코스닥
276730,한울앤제주,코스닥
277070,린드먼아시아,코스닥
277410,인산가,코스닥
277810,레인보우로보틱스,코스닥
277880,티에스아이,코스닥
278280,천보,코스닥
278650,HLB바이오스텝,코스닥
279600,미디어젠,코스닥
281740,레이크머티리얼즈,코스닥
282720,금양그린파워,코스닥
282880,코윈테크,코스닥
284620,카이노스메드,코스닥
285490,노바텍,코스닥
285800,진영,코스닥
286750,나노실리칸첨단소재,코스닥
287840,인투셀,코스닥
288330,브릿지바이오테라퓨틱스,코스닥
288620,에스퓨얼셀,코스닥
288980,모아데이타,코스닥
289010,아이스크림에듀,코스닥
289080,SV인베스트먼트,코스닥
289220,자이언트스텝,코스닥
289930,웨이비스,코스닥
290090,트윔,코스닥
290120,DH오토리드,코스닥
290270,휴네시온,코스닥
290380,대유,코스닥
290520,신도기연,코스닥
290550,디케이티,코스닥
290560,신시웨이,코스닥
290650,엘앤씨바이오,코스닥
290660,네오펙트,코스닥
290670,대보마그네틱,코스닥
290690,소룩스,코스닥
290720,푸드나무,코스닥
290740,액트로,코스닥
291230,엔피,코스닥
291650,압타머사이언스,코스닥
291810,핀텔,코스닥
293490,카카오게임즈,코스닥
293580,나우IB,코스닥
293780,압타바이오,코스닥
294090,이오플로우,코스닥
294140,레몬,코스닥
294570,쿠콘,코스닥
294630,서남,코스닥
295310,에이치브이엠,코스닥
296640,이노룰스,코스닥
297090,씨에스베어링,코스닥
297570,알로이스,코스닥
297890,HB솔루션,코스닥
298060,에스씨엠생명과학,코스닥
298380,에이비엘바이오,코스닥
298540,더네이쳐홀딩스,코스닥
298830,슈어소프트테크,코스닥
299030,하나기술,코스닥
299170,더블유에스아이,코스닥
299660,셀리드,코스닥
299900,위지윅스튜디오,코스닥
300080,플리토,코스닥
300120,라온피플,코스닥
301300,바이브컴퍼니,코스닥
302430,이노메트리,코스닥
302550,리메드,코스닥
303030,지니틱스,코스닥
303360,프로티아,코스닥
303530,이노뎁,코스닥
303810,동국생명과학,코스닥
304100,솔트룩스,코스닥
304360,에스바이오메딕스,코스닥
304840,피플바이오,코스닥
305090,마이크로디지탈,코스닥
306040,에스제이그룹,코스닥
306620,네온테크,코스닥
307180,아이엘,코스닥
307280,원바이오젠,코스닥
307750,국전약품,코스닥
307870,비투엔,코스닥
307930,컴퍼니케이,코스닥
308080,바이젠셀,코스닥
308100,형지글로벌,코스닥
308430,셀비온,코스닥
309930,오하임앤컴퍼니,코스닥
309960,LB인베스트먼트,코스닥
310200,애니플러스,코스닥
310210,보로노이,코스닥
310870,디와이씨,코스닥
311320,지오엘리먼트,코스닥
311390,네오크레마,코스닥
311690,CJ 바이오사이언스,코스닥
312610,에이에프더블류,코스닥
313760,캐리,코스닥
314130,지놈앤컴퍼니,코스닥
314140,알피바이오,코스닥
314930,바이오다인,코스닥
315640,딥노이드,코스닥
317120,라닉스,코스닥
317240,TS트릴리온,코스닥
317330,덕산테코피아,코스닥
317530,캐리소프트,코스닥
317690,퀀타매트릭스,코스닥
317770,엑스페릭스,코스닥
317830,에스피시스템스,코스닥
317850,대모,코스닥
317870,엔바이오니아,코스닥
318000,KBG,코스닥
318010,팜스빌,코스닥
318020,포인트모바일,코스닥
318160,셀바이오휴먼텍,코스닥
318410,비비씨,코스닥
319400,현대무벡스,코스닥
319660,피에스케이,코스닥
320000,한울반도체,코스닥
321260,프로이천,코스닥
321370,센서뷰,코스닥
321550,티움바이오,코스닥
321820,아티스트컴퍼니,코스닥
322180,LS티라유텍,코스닥
322310,오로스테크놀로지,코스닥
322510,제이엘케이,코스닥
322780,코퍼스코리아,코스닥
323230,엠에프엠코리아,코스닥
323280,태성,코스닥
323350,다원넥스뷰,코스닥
323990,박셀바이오,코스닥
327260,RF머트리얼즈,코스닥
328130,루닛,코스닥
328380,솔트웨어,코스닥
330350,위더스제약,코스닥
330730,스톤브릿지벤처스,코스닥
330860,네패스아크,코스닥
331380,포커스에이아이,코스닥
331520,밸로프,코스닥
331920,셀레믹스,코스닥
332290,누보,코스닥
332370,아이디피,코스닥
332570,PS일렉트로닉스,코스닥
333050,모코엠시스,코스닥
333430,일승,코스닥
333620,엔시스,코스닥
334970,프레스티지바이오로직스,코스닥
335810,프리시젼바이오,코스닥
335870,윙스풋,코스닥
335890,비올,코스닥
336060,웨이버스,코스닥
336570,원텍,코스닥
336680,탑런토탈솔루션,코스닥
337930,젝시믹스,코스닥
338220,뷰노,코스닥
338840,와이바이오로직스,코스닥
339950,아이비김영,코스닥
340360,다보링크,코스닥
340440,세림B&G,코스닥
340570,티앤엘,코스닥
340810,시선AI,코스닥
340930,유일에너테크,코스닥
344860,이노진,코스닥
347000,센코,코스닥
347700,스피어,코스닥
347740,피엔케이피부임상연구센타,코스닥
347770,핌스,코스닥
347850,디앤디파마텍,코스닥
347860,알체라,코스닥
347890,엠투아이,코스닥
348030,모비릭스,코스닥
348080,큐라티스,코스닥
348150,고바이오랩,코스닥
348210,넥스틴,코스닥
348340,뉴로메카,코스닥
348350,위드텍,코스닥
348370,엔켐,코스닥
351320,넥사다이내믹스,코스닥
351330,이삭엔지니어링,코스닥
351870,차이커뮤니케이션,코스닥
352090,스톰테크,코스닥
352480,씨앤씨인터내셔널,코스닥
352700,씨앤투스,코스닥
352770,셀레스트라,코스닥
352910,오비고,코스닥
352940,인바이오,코스닥
353190,휴럼,코스닥
353590,오토앤,코스닥
353810,이지바이오,코스닥
354200,엔젠바이오,코스닥
354320,알멕,코스닥
355150,코스텍시스,코스닥
355390,크라우드웍스,코스닥
355690,에이텀,코스닥
356680,엑스게이트,코스닥
356860,티엘비,코스닥
356890,싸이버원,코스닥
357230,에이치피오,코스닥
357550,석경에이티,코스닥
357580,아모센스,코스닥
357780,솔브레인,코스닥
357880,SKAI,코스닥
358570,지아이이노베이션,코스닥
359090,씨엔알리서치,코스닥
360070,탑머티리얼,코스닥
360350,코셈,코스닥
361390,제노코,코스닥
361570,알비더블유,코스닥
361670,삼영에스앤씨,코스닥
362320,청담글로벌,코스닥
362990,드림인사이트,코스닥
363250,진시스템,코스닥
363260,모비데이즈,코스닥
364950,에이아이코리아,코스닥
365270,큐라클,코스닥
365330,에스와이스틸텍,코스닥
365340,성일하이텍,코스닥
365590,하이딥,코스닥
365900,브이씨,코스닥
366030,공구우먼,코스닥
367000,플래티어,코스닥
368600,아이씨에이치,코스닥
368770,파이버프로,코스닥
368970,오에스피,코스닥
369370,블리츠웨이엔터테인먼트,코스닥
370090,퓨런티어,코스닥
371950,풍원정밀,코스닥
372170,윤성에프앤씨,코스닥
372320,큐로셀,코스닥
372800,아이티아이즈,코스닥
373110,엑셀세라퓨틱스,코스닥
373160,데이원컴퍼니,코스닥
373170,엠아이큐브솔루션,코스닥
373200,엑스플러스,코스닥
376180,피코그램,코스닥
376270,에이치이엠파마,코스닥
376290,씨유테크,코스닥
376300,디어유,코스닥
376900,로킷헬스케어,코스닥
376930,노을,코스닥
376980,원티드랩,코스닥
377030,비트맥스,코스닥
377220,프롬바이오,코스닥
377330,이지트로닉스,코스닥
377450,리파인,코스닥
377460,위니아에이드,코스닥
377480,마음AI,코스닥
378340,필에너지,코스닥
378800,샤페론,코스닥
380540,옵티코어,코스닥
381620,제닉스,코스닥
382150,온코크로스,코스닥
382480,지아이텍,코스닥
382800,지앤비에스 에코,코스닥
382840,원준,코스닥
382900,범한퓨얼셀,코스닥
383310,에코프로에이치엔,코스닥
383930,디티앤씨알오,코스닥
384470,코어라인소프트,코스닥
387570,파인메딕스,코스닥
388050,지투파워,코스닥
388720,유일로보틱스,코스닥
388790,라이콤,코스닥
388870,파로스아이바이오,코스닥
389020,자람테크놀로지,코스닥
389030,지니너스,코스닥
389140,포바이포,코스닥
389260,대명에너지,코스닥
389470,인벤티지랩,코스닥
389500,에스비비테크,코스닥
389650,넥스트바이오메디컬,코스닥
389680,유디엠텍,코스닥
391710,코닉오토메이션,코스닥
393210,토마토시스템,코스닥
393890,더블유씨피,코스닥
393970,대진첨단소재,코스닥
394280,오픈엣지테크놀로지,코스닥
394800,쓰리빌리언,코스닥
396270,넥스트칩,코스닥
396300,세아메카닉스,코스닥
396470,워트,코스닥
397030,에이프릴바이오,코스닥
398120,에스지헬스케어,코스닥
399720,가온칩스,코스닥
402030,코난테크놀로지,코스닥
402490,그린리소스,코스닥
403490,우듬지팜,코스닥
403870,HPSP,코스닥
405000,플라즈맵,코스닥
405100,큐알티,코스닥
405920,나라셀라,코스닥
406820,뷰티스킨,코스닥
407400,꿈비,코스닥
408900,스튜디오미르,코스닥
408920,메쎄이상,코스닥
411080,샌즈랩,코스닥
412350,레이저쎌,코스닥
412540,제일엠앤에스,코스닥
413390,엠오티,코스닥
413630,씨피시스템,코스닥
413640,비아이매트릭스,코스닥
415380,스튜디오삼익,코스닥
416180,신성에스티,코스닥
417010,나노팀,코스닥
417180,핑거스토리,코스닥
417200,LS머트리얼즈,코스닥
417500,제이아이테크,코스닥
417790,트루엔,코스닥
417840,저스템,코스닥
417860,오브젠,코스닥
417970,모델솔루션,코스닥
418250,시큐레터,코스닥
418420,라온텍,코스닥
418470,KT밀리의서재,코스닥
418550,제이오,코스닥
418620,E8,코스닥
419050,삼기에너지솔루션즈,코스닥
419080,엔젯,코스닥
419120,산돌,코스닥
419530,SAMG엔터,코스닥
419540,비스토스,코스닥
420570,제이투케이바이오,코스닥
420770,기가비스,코스닥
424760,벨로크,코스닥
424870,이뮨온시아,코스닥
424960,스마트레이더시스템,코스닥
424980,마이크로투나노,코스닥
425040,티이엠씨,코스닥
425420,티에프이,코스닥
429270,시지트로닉스,코스닥
430690,한싹,코스닥
431190,케이쓰리아이,코스닥
432430,와이랩,코스닥
432470,케이엔에스,코스닥
432720,퀄리타스반도체,코스닥
432980,엠에프씨,코스닥
434480,모니터랩,코스닥
435570,에르코스,코스닥
437730,삼현,코스닥
438700,버넥트,코스닥
439090,마녀공장,코스닥
439580,블루엠텍,코스닥
440110,파두,코스닥
440290,HB인베스트먼트,코스닥
440320,오픈놀,코스닥
441270,파인엠텍,코스닥
443250,레뷰코퍼레이션,코스닥
443670,에스피소프트,코스닥
444530,심플랫폼,코스닥
445090,에이직랜드,코스닥
445180,퓨릿,코스닥
445680,큐리옥스바이오시스템즈,코스닥
446540,메가터치,코스닥
448280,에코아이,코스닥
448710,코츠테크놀로지,코스닥
448900,한국피아이엠,코스닥
450330,하스,코스닥
450520,인스웨이브,코스닥
450950,아스테라시스,코스닥
451220,아이엠티,코스닥
451250,삐아,코스닥
451760,컨텍,코스닥
452160,제이엔비,코스닥
452190,한빛레이저,코스닥
452200,민테크,코스닥
452280,한선엔지니어링,코스닥
452300,캡스톤파트너스,코스닥
452400,이닉스,코스닥
452430,사피엔반도체,코스닥
452450,피아이이,코스닥
453450,그리드위즈,코스닥
453860,에이에스텍,코스닥
455900,엔젤로보틱스,코스닥
456010,아이씨티케이,코스닥
456070,이엔셀,코스닥
457370,한켐,코스닥
457550,우진엔텍,코스닥
457600,벡트,코스닥
458650,성우,코스닥
458870,씨어스테크놀로지,코스닥
459100,위츠,코스닥
459510,나우로보틱스,코스닥
460470,아이빔테크놀로지,코스닥
460870,에스엠씨지,코스닥
460930,현대힘스,코스닥
460940,피앤에스미캐닉스,코스닥
461030,아이엠비디엑스,코스닥
461300,아이스크림미디어,코스닥
462350,이노스페이스,코스닥
462510,라메디텍,코스닥
462860,더즌,코스닥
462980,아이지넷,코스닥
463480,모티브링크,코스닥
464080,에스오에스랩,코스닥
464280,티디에스팜,코스닥
464500,아이언디바이스,코스닥
464580,닷밀,코스닥
465480,인스피언,코스닥
466100,클로봇,코스닥
466410,사이냅소프트,코스닥
469750,아이비젼웍스,코스닥
471820,셀로맥스사이언스,코스닥
472850,폰드그룹,코스닥
473980,노머스,코스닥
474170,루미르,코스닥
474610,RF시스템즈,코스닥
475400,씨메스,코스닥
475430,키스트론,코스닥
475460,미트박스,코스닥
475580,에이럭스,코스닥
475660,에스켐,코스닥
475830,오름테라퓨틱,코스닥
475960,토모큐브,코스닥
476040,오가노이드사이언스,코스닥
476060,온코닉테라퓨틱스,코스닥
476080,M83,코스닥
478560,블랙야크아이앤씨,코스닥
479960,위너스,코스닥
481070,에이유브랜즈,코스닥
482630,삼양엔씨켐,코스닥
484810,티엑스알로보틱스,코스닥
489460,바이오비쥬,코스닥
489500,엘케이켐,코스닥
950190,고스트스튜디오,코스닥
950110,SBI핀테크솔루션즈,코스닥
950170,JTC,코스닥
950130,엑세스바이오,코스닥
950140,잉글우드랩,코스닥
950160,코오롱티슈진,코스닥
950220,네오이뮨텍,코스닥
950200,소마젠,코스닥
900120,씨엑스아이,코스닥
900250,크리스탈신소재,코스닥
900070,글로벌에스엠,코스닥
900100,애머릿지,코스닥
